code	et	en	ru	it	es	bp	zh	de	jp	uk	ar	idn	tr	sr	fr	fi	pt
afg	Afganistan	Afghanistan	Афганистан	Afghanistan	Afganistán	Afeganistão	阿富汗	Afghanistan	アフガニスタン	Афганістан	أفغانستان	Afganistan	Afganistan	Авганистан	Afghanistan	Afganistan	Afeganistão
alb	Albaania	Albania	Албания	Albania	Albania	Albânia	阿尔巴尼亚	Albanien	アルバニア	Албанія	ألبانيا	Albania	Arnavutluk	Албанија	Albanie	Albania	Albânia
dza	Alžeeria	Algeria	Алжир	Algeria	Argelia	Argélia	阿尔及利亚	Algerien	アルジェリア	Алжир	الجزائر	Aljazair	Cezayir	Алжир	Algérie	Algeria	Argélia
usa	Ameerika Ühendriigid	United States of America	США	Stati Uniti	Estados Unidos	Estados Unidos	美国	Vereinigte Staaten von Amerika	アメリカ合衆国	Сполучені Штати	الولايات المتحدة	Amerika Serikat	Amerika Birleşik Devletleri	Сједињене Државе	États-Unis	Yhdysvallat	Estados Unidos
and	Andorra	Andorra	Андорра	Andorra	Andorra	Andorra	安道尔	Andorra	アンドラ	Андорра	أندورا	Andorra	Andorra	Андора	Andorre	Andorra	Andorra
ago	Angola	Angola	Ангола	Angola	Angola	Angola	安哥拉	Angola	アンゴラ	Ангола	أنغولا	Angola	Angola	Ангола	Angola	Angola	Angola
atg	Antigua ja Barbuda	Antigua and Barbuda	Антигуа и Барбуда	Antigua e Barbuda	Antigua y Barbuda	Antígua e Barbuda	安提瓜和巴布达	Antigua und Barbuda	アンティグア・バーブーダ	Антиґуа і Барбуда	أنتيغوا وبربودا	Antigua dan Barbuda	Antigua ve Barbuda	Антигва и Барбуда	Antigua-et-Barbuda	Antigua ja Barbuda	Antígua e Barbuda
are	Araabia Ühendemiraadid	United Arab Emirates	ОАЭ	Emirati Arabi Uniti	Emiratos Árabes Unidos	Emirados Árabes Unidos	阿拉伯联合酋长国	Vereinigte Arabische Emirate	アラブ首長国連邦	Обʼєднані Арабські Емірати	الإمارات العربية المتحدة	Uni Emirat Arab	Birleşik Arap Emirlikleri	Уједињени Арапски Емирати	Émirats arabes unis	Arabiemiirikunnat	Emirados Árabes Unidos
arg	Argentina	Argentina	Аргентина	Argentina	Argentina	Argentina	阿根廷	Argentinien	アルゼンチン	Аргентина	الأرجنتين	Argentina	Arjantin	Аргентина	Argentine	Argentiina	Argentina
arm	Armeenia	Armenia	Армения	Armenia	Armenia	Armênia	亚美尼亚	Armenien	アルメニア	Вірменія	أرمينيا	Armenia	Ermenistan	Јерменија	Arménie	Armenia	Armênia
aus	Austraalia	Australia	Австралия	Australia	Australia	Austrália	澳大利亚	Australien	オーストラリア	Австралія	أستراليا	Australia	Avustralya	Аустралија	Australie	Australia	Austrália
aut	Austria	Austria	Австрия	Austria	Austria	Áustria	奥地利	Österreich	オーストリア	Австрія	النمسا	Austria	Avusturya	Аустрија	Autriche	Itävalta	Áustria
aze	Aserbaidžaan	Azerbaijan	Азербайджан	Azerbaigian	Azerbaiyán	Azerbaijão	阿塞拜疆	Aserbaidschan	アゼルバイジャン	Азербайджан	أذربيجان	Azerbaijan	Azerbaycan	Азербејџан	Azerbaïdjan	Azerbaidžan	Azerbaijão
bhs	Bahama	Bahamas	Багамские Острова	Bahamas	Bahamas	Bahamas	巴哈马	Bahamas	バハマ	Багамські Острови	جزر البهاما	Bahama	Bahamalar	Бахами	Bahamas	Bahama	Bahamas
bhr	Bahrein	Bahrain	Бахрейн	Bahrein	Baréin	Barém	巴林	Bahrain	バーレーン	Бахрейн	البحرين	Bahrain	Bahreyn	Бахреин	Bahreïn	Bahrain	Bahrein
bgd	Bangladesh	Bangladesh	Бангладеш	Bangladesh	Bangladés	Bangladexe	孟加拉国	Bangladesch	バングラデシュ	Бангладеш	بنغلاديش	Bangladesh	Bangladeş	Бангладеш	Bangladesh	Bangladesh	Bangladesh
brb	Barbados	Barbados	Барбадос	Barbados	Barbados	Barbados	巴巴多斯	Barbados	バルバドス	Барбадос	بربادوس	Barbados	Barbados	Барбадос	Barbade	Barbados	Barbados
plw	Belau	Palau	Палау	Palau	Palaos	Palau	帕劳	Palau	パラオ	Палау	بالاو	Palau	Palau	Палау	Palaos	Palau	Palau
bel	Belgia	Belgium	Бельгия	Belgio	Bélgica	Bélgica	比利时	Belgien	ベルギー	Бельґія	بلجيكا	Belgia	Belçika	Белгија	Belgique	Belgia	Bélgica
blz	Belize	Belize	Белиз	Belize	Belice	Belize	伯利兹	Belize	ベリーズ	Беліз	بليز	Belize	Belize	Белизе	Belize	Belize	Belize
ben	Benin	Benin	Бенин	Benin	Benín	Benim	贝宁	Benin	ベナン	Бенін	بنين	Benin	Benin	Бенин	Bénin	Benin	Benin
btn	Bhutan	Bhutan	Бутан	Bhutan	Bután	Butão	不丹	Bhutan	ブータン	Бутан	بوتان	Bhutan	Butan	Бутан	Bhoutan	Bhutan	Butão
mmr	Birma	Myanmar	Мьянма	Birmania	Birmania	Mianmar	缅甸	Myanmar	ミャンマー (ビルマ)	Мʼянма (Бірма)	ميانمار (بورما)	Myanmar (Burma)	Myanmar (Burma)	Мијанмар (Бурма)	Myanmar (Birmanie)	Myanmar (Burma)	Mianmar (Birmânia)
bol	Boliivia	Bolivia, Plurinational State of	Боливия	Bolivia	Bolivia	Bolívia	玻利维亚	Bolivien, Plurinationaler Staat	ボリビア	Болівія	بوليفيا	Bolivia	Bolivya	Боливија	Bolivie	Bolivia	Bolívia
bih	Bosnia ja Hertsegoviina	Bosnia and Herzegovina	Босния и Герцеговина	Bosnia ed Erzegovina	Bosnia y Herzegovina	Bósnia e Herzegovina	波斯尼亚和黑塞哥维那	Bosnien und Herzegowina	ボスニア・ヘルツェゴビナ	Боснія і Герцеґовина	البوسنة والهرسك	Bosnia dan Herzegovina	Bosna-Hersek	Босна и Херцеговина	Bosnie-Herzégovine	Bosnia ja Hertsegovina	Bósnia e Herzegovina
bwa	Botswana	Botswana	Ботсвана	Botswana	Botsuana	Botsuana	博茨瓦纳	Botsuana	ボツワナ	Ботсвана	بوتسوانا	Botswana	Botsvana	Боцвана	Botswana	Botswana	Botsuana
bra	Brasiilia	Brazil	Бразилия	Brasile	Brasil	Brasil	巴西	Brazilien	ブラジル	Бразілія	البرازيل	Brasil	Brezilya	Бразил	Brésil	Brasilia	Brasil
brn	Brunei	Brunei Darussalam	Бруней	Brunei	Brunéi	Brunei	文莱	Brunei Darussalam	ブルネイ	Бруней	بروناي	Brunei	Brunei	Брунеј	Brunéi Darussalam	Brunei	Brunei
bgr	Bulgaaria	Bulgaria	Болгария	Bulgaria	Bulgaria	Bulgária	保加利亚	Bulgarien	ブルガリア	Болгарія	بلغاريا	Bulgaria	Bulgaristan	Бугарска	Bulgarie	Bulgaria	Bulgária
bfa	Burkina Faso	Burkina Faso	Буркина-Фасо	Burkina Faso	Burkina Faso	Burquina Fasso	布基纳法索	Burkina Faso	ブルキナファソ	Буркіна-Фасо	بوركينا فاسو	Burkina Faso	Burkina Faso	Буркина Фасо	Burkina Faso	Burkina Faso	Burquina Faso
bdi	Burundi	Burundi	Бурунди	Burundi	Burundi	Burundi	布隆迪	Burundi	ブルンジ	Бурунді	بوروندي	Burundi	Burundi	Бурунди	Burundi	Burundi	Burundi
col	Colombia	Colombia	Колумбия	Colombia	Colombia	Colômbia	哥伦比亚	Kolumbien	コロンビア	Колумбія	كولومبيا	Kolombia	Kolombiya	Колумбија	Colombie	Kolumbia	Colômbia
cri	Costa Rica	Costa Rica	Коста-Рика	Costa Rica	Costa Rica	Costa Rica	哥斯达黎加	Costa Rica	コスタリカ	Коста-Ріка	كوستاريكا	Kosta Rika	Kosta Rika	Костарика	Costa Rica	Costa Rica	Costa Rica
dji	Djibouti	Djibouti	Джибути	Gibuti	Yibuti	Djibuti	吉布提	Dschibuti	ジブチ	Джибуті	جيبوتي	Jibuti	Cibuti	Џибути	Djibouti	Djibouti	Djibuti
dma	Dominica	Dominica	Доминика	Dominica	Dominica	Dominica	多米尼克	Dominica	ドミニカ国	Домініка	دومينيكا	Dominika	Dominika	Доминика	Dominique	Dominica	Dominica
dom	Dominikaani Vabariik	Dominican Republic	Доминиканская Республика	Rep. Dominicana	República Dominicana	República Dominicana	多米尼加共和国	Dominikanische Republik	ドミニカ共和国	Домініканська Республіка	جمهورية الدومينيكان	Republik Dominika	Dominik Cumhuriyeti	Доминиканска Република	République dominicaine	Dominikaaninen tasavalta	República Dominicana
ecu	Ecuador	Ecuador	Эквадор	Ecuador	Ecuador	Equador	厄瓜多尔	Ecuador	エクアドル	Еквадор	الإكوادور	Ekuador	Ekvador	Еквадор	Équateur	Ecuador	Equador
est	Eesti	Estonia	Эстония	Estonia	Estonia	Estónia	爱沙尼亚	Estland	エストニア	Естонія	إستونيا	Estonia	Estonya	Естонија	Estonie	Viro	Estônia
egy	Egiptus	Egypt	Египет	Egitto	Egipto	Egito	埃及	Ägypten	エジプト	Єгипет	مصر	Mesir	Mısır	Египат	Égypte	Egypti	Egito
gnq	Ekvatoriaal-Guinea	Equatorial Guinea	Экваториальная Гвинея	Guinea Equatoriale	Guinea Ecuatorial	Guiné Equatorial	赤道几内亚	Äquatorialguinea	赤道ギニア	Екваторіальна Гвінея	غينيا الاستوائية	Guinea Ekuatorial	Ekvator Ginesi	Екваторијална Гвинеја	Guinée équatoriale	Päiväntasaajan Guinea	Guiné Equatorial
slv	El Salvador	El Salvador	Сальвадор	El Salvador	El Salvador	El Salvador	萨尔瓦多	El Salvador	エルサルバドル	Сальвадор	السلفادور	El Salvador	El Salvador	Салвадор	Salvador	El Salvador	El Salvador
civ	Elevandiluurannik	Côte d'Ivoire	Кот-д’Ивуар	Costa d'Avorio	Costa de Marfil	Costa do Marfim	科特迪瓦	C√¥te d'Ivoire	コートジボワール	Кот-дʼІвуар	ساحل العاج	Côte d’Ivoire	Côte d’Ivoire	Обала Слоноваче (Кот д’Ивоар)	Côte d’Ivoire	Norsunluurannikko	Costa do Marfim
eri	Eritrea	Eritrea	Эритрея	Eritrea	Eritrea	Eritreia	厄立特里亚	Eritrea	エリトリア	Еритрея	إريتريا	Eritrea	Eritre	Еритреја	Érythrée	Eritrea	Eritreia
eth	Etioopia	Ethiopia	Эфиопия	Etiopia	Etiopía	Etiópia	埃塞俄比亚	Äthiopien	エチオピア	Ефіопія	إثيوبيا	Etiopia	Etiyopya	Етиопија	Éthiopie	Etiopia	Etiópia
fji	Fidži	Fiji	Фиджи	Figi	Fiyi	Fiji	斐济	Fidschi	フィジー	Фіджі	فيجي	Fiji	Fiji	Фиџи	Fidji	Fidži	Fiji
gab	Gabon	Gabon	Габон	Gabon	Gabón	Gabão	加蓬	Gabun	ガボン	Габон	الغابون	Gabon	Gabon	Габон	Gabon	Gabon	Gabão
gmb	Gambia	Gambia	Гамбия	Gambia	Gambia	Gâmbia	冈比亚	Gambia	ガンビア	Гамбія	غامبيا	Gambia	Gambiya	Гамбија	Gambie	Gambia	Gâmbia
gha	Ghana	Ghana	Гана	Ghana	Ghana	Gana	加纳	Ghana	ガーナ	Гана	غانا	Ghana	Gana	Гана	Ghana	Ghana	Gana
grd	Grenada	Grenada	Гренада	Grenada	Granada	Granada	格林纳达	Grenada	グレナダ	Ґренада	غرينادا	Grenada	Grenada	Гренада	Grenade	Grenada	Granada
geo	Gruusia	Georgia	Грузия	Georgia	Georgia	Geórgia	格鲁吉亚	Georgien	ジョージア	Грузія	جورجيا	Georgia	Gürcistan	Грузија	Géorgie	Georgia	Geórgia
gtm	Guatemala	Guatemala	Гватемала	Guatemala	Guatemala	Guatemala	危地马拉	Guatemala	グアテマラ	Ґватемала	غواتيمالا	Guatemala	Guatemala	Гватемала	Guatemala	Guatemala	Guatemala
gin	Guinea	Guinea	Гвинея	Guinea	Guinea	Guiné	几内亚	Guinea	ギニア	Гвінея	غينيا	Guinea	Gine	Гвинеја	Guinée	Guinea	Guiné
gnb	Guinea-Bissau	Guinea-Bissau	Гвинея-Бисау	Guinea-Bissau	Guinea-Bisáu	Guiné-Bissau	几内亚比绍	Guinea-Bissau	ギニアビサウ	Гвінея-Бісау	غينيا بيساو	Guinea-Bissau	Gine-Bissau	Гвинеја-Бисао	Guinée-Bissau	Guinea-Bissau	Guiné-Bissau
guy	Guyana	Guyana	Гайана	Guyana	Guyana	Guiana	圭亚那	Guyana	ガイアナ	Ґайана	غيانا	Guyana	Guyana	Гвајана	Guyana	Guyana	Guiana
phl	Filipiinid	Philippines	Филиппины	Filippine	Filipinas	Filipinas	菲律宾	Philippinen	フィリピン	Філіппіни	الفلبين	Filipina	Filipinler	Филипини	Philippines	Filippiinit	Filipinas
hti	Haiti	Haiti	Гаити	Haiti	Haití	Haiti	海地	Haiti	ハイチ	Гаїті	هايتي	Haiti	Haiti	Хаити	Haïti	Haiti	Haiti
chn	Hiina	China	Китай (Китайская Народная Республика)	Cina	China	China	中国	China	中国	Китай	الصين	Tiongkok	Çin	Кина	Chine	Kiina	China
esp	Hispaania	Spain	Испания	Spagna	España	Espanha	西班牙	Spanien	スペイン	Іспанія	إسبانيا	Spanyol	İspanya	Шпанија	Espagne	Espanja	Espanha
nld	Holland	Netherlands	Нидерланды	Paesi Bassi	Países Bajos	Países Baixos	荷兰	Niederlande	オランダ	Нідерланди	هولندا	Belanda	Hollanda	Холандија	Pays-Bas	Alankomaat	Países Baixos
hnd	Honduras	Honduras	Гондурас	Honduras	Honduras	Honduras	洪都拉斯	Honduras	ホンジュラス	Гондурас	هندوراس	Honduras	Honduras	Хондурас	Honduras	Honduras	Honduras
hrv	Horvaatia	Croatia	Хорватия	Croazia	Croacia	Croácia	克罗地亚	Kroatien	クロアチア	Хорватія	كرواتيا	Kroasia	Hırvatistan	Хрватска	Croatie	Kroatia	Croácia
irl	Iirimaa	Ireland	Ирландия	Irlanda	Irlanda	Irlanda	爱尔兰	Irland	アイルランド	Ірландія	أيرلندا	Irlandia	İrlanda	Ирска	Irlande	Irlanti	Irlanda
isr	Iisrael	Israel	Израиль	Israele	Israel	Israel	以色列	Israel	イスラエル	Ізраїль	إسرائيل	Israel	İsrail	Израел	Israël	Israel	Israel
tls	Ida-Timor	Timor-Leste	Восточный Тимор	Timor Est	Timor Oriental	Timor-Leste	东帝汶	Timor-Leste	東ティモール	Тімор-Лешті	تيمور - ليشتي	Timor Leste	Timor-Leste	Тимор-Лесте (Источни Тимор)	Timor oriental	Itä-Timor	Timor-Leste
ind	India	India	Индия	India	India	Índia	印度	Indien	インド	Індія	الهند	India	Hindistan	Индија	Inde	Intia	Índia
idn	Indoneesia	Indonesia	Индонезия	Indonesia	Indonesia	Indonésia	印度尼西亚	Indonesien	インドネシア	Індонезія	إندونيسيا	Indonesia	Endonezya	Индонезија	Indonésie	Indonesia	Indonésia
isl	Island	Iceland	Исландия	Islanda	Islandia	Islândia	冰岛	Island	アイスランド	Ісландія	آيسلندا	Islandia	İzlanda	Исланд	Islande	Islanti	Islândia
irq	Iraak	Iraq	Ирак	Iraq	Irak	Iraque	伊拉克	Irak	イラク	Ірак	العراق	Irak	Irak	Ирак	Irak	Irak	Iraque
irn	Iraan	Iran, Islamic Republic of	Иран	Iran	Irán	Irã	伊朗	Iran, Islamische Republik	イラン	Іран	إيران	Iran	İran	Иран	Iran	Iran	Irã
ita	Itaalia	Italy	Италия	Italia	Italia	Itália	意大利	Italien	イタリア	Італія	إيطاليا	Italia	İtalya	Италија	Italie	Italia	Itália
jpn	Jaapan	Japan	Япония	Giappone	Japón	Japão	日本	Japan	日本	Японія	اليابان	Jepang	Japonya	Јапан	Japon	Japani	Japão
jam	Jamaica	Jamaica	Ямайка	Giamaica	Jamaica	Jamaica	牙买加	Jamaika	ジャマイカ	Ямайка	جامايكا	Jamaika	Jamaika	Јамајка	Jamaïque	Jamaika	Jamaica
yem	Jeemen	Yemen	Йемен	Yemen	Yemen	Iêmen	也门	Jemen	イエメン	Ємен	اليمن	Yaman	Yemen	Јемен	Yémen	Jemen	Iêmen
jor	Jordaania	Jordan	Иордания	Giordania	Jordania	Jordânia	约旦	Jordanien	ヨルダン	Йорданія	الأردن	Yordania	Ürdün	Јордан	Jordanie	Jordania	Jordânia
khm	Kambodža	Cambodia	Камбоджа	Cambogia	Camboya	Camboja	柬埔寨	Kambodscha	カンボジア	Камбоджа	كمبوديا	Kamboja	Kamboçya	Камбоџа	Cambodge	Kambodža	Camboja
cmr	Kamerun	Cameroon	Камерун	Camerun	Camerún	Camarões	喀麦隆	Kamerun	カメルーン	Камерун	الكاميرون	Kamerun	Kamerun	Камерун	Cameroun	Kamerun	Camarões
can	Kanada	Canada	Канада	Canada	Canadá	Canadá	加拿大	Kanada	カナダ	Канада	كندا	Kanada	Kanada	Канада	Canada	Kanada	Canadá
kaz	Kasahstan	Kazakhstan	Казахстан	Kazakistan	Kazajistán	Cazaquistão	哈萨克斯坦	Kasachstan	カザフスタン	Казахстан	كازاخستان	Kazakstan	Kazakistan	Казахстан	Kazakhstan	Kazakstan	Cazaquistão
qat	Katar	Qatar	Катар	Qatar	Catar	Catar	卡塔尔	Katar	カタール	Катар	قطر	Qatar	Katar	Катар	Qatar	Qatar	Catar
ken	Keenia	Kenya	Кения	Kenya	Kenia	Quênia	肯尼亚	Kenia	ケニア	Кенія	كينيا	Kenya	Kenya	Кенија	Kenya	Kenia	Quênia
caf	Kesk-Aafrika Vabariik	Central African Republic	ЦАР	Rep. Centrafricana	República Centroafricana	República Centro-Africana	中非共和国	Zentralafrikanische Republik	中央アフリカ共和国	Центральноафриканська Республіка	جمهورية أفريقيا الوسطى	Republik Afrika Tengah	Orta Afrika Cumhuriyeti	Централноафричка Република	République centrafricaine	Keski-Afrikan tasavalta	República Centro-Africana
kir	Kiribati	Kiribati	Кирибати	Kiribati	Kiribati	Quiribáti	基里巴斯	Kiribati	キリバス	Кірібаті	كيريباتي	Kiribati	Kiribati	Кирибати	Kiribati	Kiribati	Quiribati
com	Komoorid	Comoros	Коморы	Comore	Comoras	Comores	科摩罗	Komoren	コモロ	Комори	جزر القمر	Komoro	Komorlar	Коморска Острва	Comores	Komorit	Comores
cod	Kongo Demokraatlik Vabariik	Congo, Democratic Republic of the	ДР Конго	RD del Congo	República Democrática del Congo	República Democrática do Congo	刚果（金）	Kongo, Demokratische Republik	コンゴ民主共和国(キンシャサ)	Конго – Кіншаса	الكونغو - كينشاسا	Kongo - Kinshasa	Kongo - Kinşasa	Конго - Киншаса	Congo-Kinshasa	Kongon demokraattinen tasavalta	Congo - Kinshasa
cog	Kongo Vabariik	Congo	Республика Конго	Rep. del Congo	República del Congo	República do Congo	刚果（布）	Kongo	コンゴ共和国(ブラザビル)	Конго – Браззавіль	الكونغو - برازافيل	Kongo - Brazzaville	Kongo - Brazavil	Конго - Бразавил	Congo-Brazzaville	Kongon tasavalta	República do Congo
grc	Kreeka	Greece	Греция	Grecia	Grecia	Grécia	希腊	Griechenland	ギリシャ	Греція	اليونان	Yunani	Yunanistan	Грчка	Grèce	Kreikka	Grécia
cub	Kuuba	Cuba	Куба	Cuba	Cuba	Cuba	古巴	Kuba	キューバ	Куба	كوبا	Kuba	Küba	Куба	Cuba	Kuuba	Cuba
kwt	Kuveit	Kuwait	Кувейт	Kuwait	Kuwait	Kuwait	科威特	Kuwait	クウェート	Кувейт	الكويت	Kuwait	Kuveyt	Кувајт	Koweït	Kuwait	Kuwait
cyp	Küpros	Cyprus	Кипр	Cipro	Chipre	Chipre	塞浦路斯	Zypern	キプロス	Кіпр	قبرص	Siprus	Kıbrıs	Кипар	Chypre	Kypros	Chipre
kgz	Kõrgõzstan	Kyrgyzstan	Кыргызстан	Kirghizistan	Kirguistán	Quirguistão	吉尔吉斯斯坦	Kirgistan	キルギス	Киргизстан	قيرغيزستان	Kirgistan	Kırgızistan	Киргистан	Kirghizistan	Kirgisia	Quirguistão
lao	Laos	Lao People's Democratic Republic	Лаос	Laos	Laos	Laos	老挝	Demokratische Volksrepublik Laos	ラオス	Лаос	لاوس	Laos	Laos	Лаос	Laos	Laos	Laos
ltu	Leedu	Lithuania	Литва	Lituania	Lituania	Lituânia	立陶宛	Litauen	リトアニア	Литва	ليتوانيا	Lituania	Litvanya	Литванија	Lituanie	Liettua	Lituânia
lso	Lesotho	Lesotho	Лесото	Lesotho	Lesoto	Lesoto	莱索托	Lesotho	レソト	Лесото	ليسوتو	Lesotho	Lesotho	Лесото	Lesotho	Lesotho	Lesoto
lbn	Liibanon	Lebanon	Ливан	Libano	Líbano	Líbano	黎巴嫩	Libanon	レバノン	Ліван	لبنان	Lebanon	Lübnan	Либан	Liban	Libanon	Líbano
lbr	Libeeria	Liberia	Либерия	Liberia	Liberia	Libéria	利比里亚	Liberia	リベリア	Ліберія	ليبيريا	Liberia	Liberya	Либерија	Libéria	Liberia	Libéria
lie	Liechtenstein	Liechtenstein	Лихтенштейн	Liechtenstein	Liechtenstein	Listenstaine	列支敦士登	Liechtenstein	リヒテンシュタイン	Ліхтенштейн	ليختنشتاين	Liechtenstein	Liechtenstein	Лихтенштајн	Liechtenstein	Liechtenstein	Liechtenstein
lby	Liibüa	Libya	Ливия	Libia	Libia	Líbia	利比亚	Libyen	リビア	Лівія	ليبيا	Libia	Libya	Либија	Libye	Libya	Líbia
lux	Luksemburg	Luxembourg	Люксембург	Lussemburgo	Luxemburgo	Luxemburgo	卢森堡	Luxemburg	ルクセンブルク	Люксембурґ	لوكسمبورغ	Luksemburg	Lüksemburg	Луксембург	Luxembourg	Luxemburg	Luxemburgo
zaf	Lõuna-Aafrika Vabariik	South Africa	ЮАР	Sudafrica	Sudáfrica	África do Sul	南非	Südafrika	南アフリカ	Південно-Африканська Республіка	جنوب أفريقيا	Afrika Selatan	Güney Afrika	Јужноафричка Република	Afrique du Sud	Etelä-Afrikka	África do Sul
kor	Lõuna-Korea	Korea, Republic of	Республика Корея	Corea del Sud	Corea del Sur	Coreia do Sul	韩国	Korea, Republik	韓国	Південна Корея	كوريا الجنوبية	Korea Selatan	Güney Kore	Јужна Кореја	Corée du Sud	Etelä-Korea	Coreia do Sul
ssd	Lõuna-Sudaan	South Sudan	Южный Судан	Sudan del Sud	Sudán del Sur	Sudão do Sul	南苏丹	Südsudan	南スーダン	Південний Судан	جنوب السودان	Sudan Selatan	Güney Sudan	Јужни Судан	Soudan du Sud	Etelä-Sudan	Sudão do Sul
lva	Läti	Latvia	Латвия	Lettonia	Letonia	Letônia	拉脱维亚	Lettland	ラトビア	Латвія	لاتفيا	Latvia	Letonya	Летонија	Lettonie	Latvia	Letônia
mdg	Madagaskar	Madagascar	Мадагаскар	Madagascar	Madagascar	Madagáscar	马达加斯加	Madagaskar	マダガスカル	Мадагаскар	مدغشقر	Madagaskar	Madagaskar	Мадагаскар	Madagascar	Madagaskar	Madagascar
mys	Malaisia	Malaysia	Малайзия	Malaysia	Malasia	Malásia	马来西亚	Malaysien	マレーシア	Малайзія	ماليزيا	Malaysia	Malezya	Малезија	Malaisie	Malesia	Malásia
mwi	Malawi	Malawi	Малави	Malawi	Malaui	Maláui	马拉维	Malawi	マラウイ	Малаві	ملاوي	Malawi	Malavi	Малави	Malawi	Malawi	Malaui
mdv	Maldiivid	Maldives	Мальдивы	Maldive	Maldivas	Maldivas	马尔代夫	Malediven	モルディブ	Мальдіви	جزر المالديف	Maladewa	Maldivler	Малдиви	Maldives	Malediivit	Maldivas
mli	Mali	Mali	Мали	Mali	Malí	Mali	马里	Mali	マリ	Малі	مالي	Mali	Mali	Мали	Mali	Mali	Mali
mlt	Malta	Malta	Мальта	Malta	Malta	Malta	马耳他	Malta	マルタ	Мальта	مالطا	Malta	Malta	Малта	Malte	Malta	Malta
mar	Maroko	Morocco	Марокко	Marocco	Marruecos	Marrocos	摩洛哥	Marokko	モロッコ	Марокко	المغرب	Maroko	Fas	Мароко	Maroc	Marokko	Marrocos
mhl	Marshalli Saared	Marshall Islands	Маршалловы Острова	Isole Marshall	Islas Marshall	Ilhas Marshall	马绍尔群岛	Marshallinseln	マーシャル諸島	Маршаллові Острови	جزر مارشال	Kepulauan Marshall	Marshall Adaları	Маршалска Острва	Îles Marshall	Marshallinsaaret	Ilhas Marshall
mrt	Mauritaania	Mauritania	Мавритания	Mauritania	Mauritania	Mauritânia	毛里塔尼亚	Mauretanien	モーリタニア	Мавританія	موريتانيا	Mauritania	Moritanya	Мауританија	Mauritanie	Mauritania	Mauritânia
mus	Mauritius	Mauritius	Маврикий	Mauritius	Mauricio	Ilhas Maurícias	毛里求斯	Mauritius	モーリシャス	Маврікій	موريشيوس	Mauritius	Mauritius	Маурицијус	Maurice	Mauritius	Maurício
mex	Mehhiko	Mexico	Мексика	Messico	México	México	墨西哥	Mexiko	メキシコ	Мексика	المكسيك	Meksiko	Meksika	Мексико	Mexique	Meksiko	México
fsm	Mikroneesia Liiduriigid	Micronesia, Federated States of	Микронезия	Micronesia	Micronesia	Estados Federados da Micronésia	密克罗尼西亚	Mikronesien, Föderierte Staaten von	ミクロネシア連邦	Мікронезія	ميكرونيزيا	Mikronesia	Mikronezya	Микронезија	États fédérés de Micronésie	Mikronesian liittovaltio	Micronésia
mda	Moldova	Moldova, Republic of	Молдавия	Moldavia	Moldavia	Moldávia	摩尔多瓦	Moldawien, Republik	モルドバ	Молдова	مولدوفا	Moldova	Moldova	Молдавија	Moldavie	Moldova	Moldova
mco	Monaco	Monaco	Монако	Monaco	Mónaco	Mónaco	摩纳哥	Monaco	モナコ	Монако	موناكو	Monako	Monako	Монако	Monaco	Monaco	Mônaco
mng	Mongoolia	Mongolia	Монголия	Mongolia	Mongolia	Mongólia	蒙古	Mongolei	モンゴル	Монголія	منغوليا	Mongolia	Moğolistan	Монголија	Mongolie	Mongolia	Mongólia
mne	Montenegro	Montenegro	Черногория	Montenegro	Montenegro	Montenegro	黑山	Montenegro	モンテネグロ	Чорногорія	الجبل الأسود	Montenegro	Karadağ	Црна Гора	Monténégro	Montenegro	Montenegro
moz	Mosambiik	Mozambique	Мозамбик	Mozambico	Mozambique	Moçambique	莫桑比克	Mosambik	モザンビーク	Мозамбік	موزمبيق	Mozambik	Mozambik	Мозамбик	Mozambique	Mosambik	Moçambique
nam	Namiibia	Namibia	Намибия	Namibia	Namibia	Namíbia	纳米比亚	Namibia	ナミビア	Намібія	ناميبيا	Namibia	Namibya	Намибија	Namibie	Namibia	Namíbia
nru	Nauru	Nauru	Науру	Nauru	Nauru	Nauru	瑙鲁	Nauru	ナウル	Науру	ناورو	Nauru	Nauru	Науру	Nauru	Nauru	Nauru
npl	Nepal	Nepal	Непал	Nepal	Nepal	Nepal	尼泊尔	Nepal	ネパール	Непал	نيبال	Nepal	Nepal	Непал	Népal	Nepal	Nepal
nic	Nicaragua	Nicaragua	Никарагуа	Nicaragua	Nicaragua	Nicarágua	尼加拉瓜	Nicaragua	ニカラグア	Нікараґуа	نيكاراغوا	Nikaragua	Nikaragua	Никарагва	Nicaragua	Nicaragua	Nicarágua
nga	Nigeeria	Nigeria	Нигерия	Nigeria	Nigeria	Nigéria	尼日利亚	Nigeria	ナイジェリア	Нігерія	نيجيريا	Nigeria	Nijerya	Нигерија	Nigéria	Nigeria	Nigéria
ner	Niger	Niger	Нигер	Niger	Níger	Níger	尼日尔	Niger	ニジェール	Нігер	النيجر	Niger	Nijer	Нигер	Niger	Niger	Níger
nor	Norra	Norway	Норвегия	Norvegia	Noruega	Noruega	挪威	Norwegen	ノルウェー	Норвеґія	النرويج	Norwegia	Norveç	Норвешка	Norvège	Norja	Noruega
omn	Omaan	Oman	Оман	Oman	Omán	Omã	阿曼	Oman	オマーン	Оман	عُمان	Oman	Umman	Оман	Oman	Oman	Omã
png	Paapua Uus-Guinea	Papua New Guinea	Папуа — Новая Гвинея	Papua Nuova Guinea	Papúa Nueva Guinea	Papua-Nova Guiné	巴布亚新几内亚	Papua-Neuguinea	パプアニューギニア	Папуа-Нова Ґвінея	بابوا غينيا الجديدة	Papua Nugini	Papua Yeni Gine	Папуа Нова Гвинеја	Papouasie-Nouvelle-Guinée	Papua-Uusi-Guinea	Papua-Nova Guiné
pak	Pakistan	Pakistan	Пакистан	Pakistan	Pakistán	Paquistão	巴基斯坦	Pakistan	パキスタン	Пакистан	باكستان	Pakistan	Pakistan	Пакистан	Pakistan	Pakistan	Paquistão
pan	Panama	Panama	Панама	Panama	Panamá	Panamá	巴拿马	Panama	パナマ	Панама	بنما	Panama	Panama	Панама	Panama	Panama	Panamá
pry	Paraguay	Paraguay	Парагвай	Paraguay	Paraguay	Paraguai	巴拉圭	Paraguay	パラグアイ	Параґвай	باراغواي	Paraguay	Paraguay	Парагвај	Paraguay	Paraguay	Paraguai
per	Peruu	Peru	Перу	Perù	Perú	Peru	秘鲁	Peru	ペルー	Перу	بيرو	Peru	Peru	Перу	Pérou	Peru	Peru
pol	Poola	Poland	Польша	Polonia	Polonia	Polónia	波兰	Polen	ポーランド	Польща	بولندا	Polandia	Polonya	Пољска	Pologne	Puola	Polônia
prt	Portugal	Portugal	Португалия	Portogallo	Portugal	Portugal	葡萄牙	Portugal	ポルトガル	Портуґалія	البرتغال	Portugal	Portekiz	Португалија	Portugal	Portugali	Portugal
fra	Prantsusmaa	France	Франция	Francia	Francia	França	法国	Frankreich	フランス	Франція	فرنسا	Prancis	Fransa	Француска	France	Ranska	França
prk	Põhja-Korea	Korea, Democratic People's Republic of	КНДР (Корейская Народно-Демократическая Республика)	Corea del Nord	Corea del Norte	Coreia do Norte	朝鲜	Korea, Demokratische Volksrepublik	北朝鮮	Північна Корея	كوريا الشمالية	Korea Utara	Kuzey Kore	Северна Кореја	Corée du Nord	Pohjois-Korea	Coreia do Norte
mkd	Põhja-Makedoonia	North Macedonia	Северная Македония	Macedonia del Nord	Macedonia del Norte	Macedônia do Norte	北马其顿	Nordmazedonien	北マケドニア	Північна Македонія	مقدونيا الشمالية	Makedonia Utara	Kuzey Makedonya	Северна Македонија	Macédoine du Nord	Pohjois-Makedonia	Macedônia do Norte
cpv	Roheneemesaared	Cabo Verde	Кабо-Верде	Capo Verde	Cabo Verde	Cabo Verde	佛得角	Cabo Verde	カーボベルデ	Кабо-Верде	الرأس الأخضر	Tanjung Verde	Cape Verde	Зеленортска Острва	Cap-Vert	Kap Verde	Cabo Verde
swe	Rootsi	Sweden	Швеция	Svezia	Suecia	Suécia	瑞典	Schweden	スウェーデン	Швеція	السويد	Swedia	İsveç	Шведска	Suède	Ruotsi	Suécia
rou	Rumeenia	Romania	Румыния	Romania	Rumania	Roménia	罗马尼亚	Rumänien	ルーマニア	Румунія	رومانيا	Rumania	Romanya	Румунија	Roumanie	Romania	Romênia
rwa	Rwanda	Rwanda	Руанда	Ruanda	Ruanda	Ruanda	卢旺达	Ruanda	ルワンダ	Руанда	رواندا	Rwanda	Ruanda	Руанда	Rwanda	Ruanda	Ruanda
slb	Saalomoni Saared	Solomon Islands	Соломоновы Острова	Isole Salomone	Islas Salomón	Ilhas Salomão	所罗门群岛	Salomonen	ソロモン諸島	Соломонові Острови	جزر سليمان	Kepulauan Solomon	Solomon Adaları	Соломонска Острва	Îles Salomon	Salomonsaaret	Ilhas Salomão
kna	Saint Kitts ja Nevis	Saint Kitts and Nevis	Сент-Китс и Невис	Saint Kitts e Nevis	San Cristóbal y Nieves	São Cristóvão e Neves	圣基茨和尼维斯	St. Kitts und Nevis	セントクリストファー・ネーヴィス	Сент-Кітс і Невіс	سانت كيتس ونيفيس	Saint Kitts dan Nevis	Saint Kitts ve Nevis	Сент Китс и Невис	Saint-Christophe-et-Niévès	Saint Kitts ja Nevis	São Cristóvão e Névis
lca	Saint Lucia	Saint Lucia	Сент-Люсия	Saint Lucia	Santa Lucía	Santa Lúcia	圣卢西亚	St. Lucia	セントルシア	Сент-Люсія	سانت لوسيا	Saint Lucia	Saint Lucia	Света Луција	Sainte-Lucie	Saint Lucia	Santa Lúcia
vct	Saint Vincent ja Grenadiinid	Saint Vincent and the Grenadines	Сент-Винсент и Гренадины	Saint Vincent e Grenadine	San Vicente y las Granadinas	São Vicente e Granadinas	圣文森特和格林纳丁斯	St. Vincent und die Grenadinen	セントビンセント及びグレナディーン諸島	Сент-Вінсент і Ґренадіни	سانت فنسنت وجزر غرينادين	Saint Vincent dan Grenadine	Saint Vincent ve Grenadinler	Сент Винсент и Гренадини	Saint-Vincent-et-les-Grenadines	Saint Vincent ja Grenadiinit	São Vicente e Granadinas
deu	Saksamaa	Germany	Германия	Germania	Alemania	Alemanha	德国	Deutschland	ドイツ	Німеччина	ألمانيا	Jerman	Almanya	Немачка	Allemagne	Saksa	Alemanha
zmb	Sambia	Zambia	Замбия	Zambia	Zambia	Zâmbia	赞比亚	Sambia	ザンビア	Замбія	زامبيا	Zambia	Zambiya	Замбија	Zambie	Sambia	Zâmbia
wsm	Samoa	Samoa	Самоа	Samoa	Samoa	Samoa	萨摩亚	Samoa	サモア	Самоа	ساموا	Samoa	Samoa	Самоа	Samoa	Samoa	Samoa
smr	San Marino	San Marino	Сан-Марино	San Marino	San Marino	San Marino	圣马力诺	San Marino	サンマリノ	Сан-Маріно	سان مارينو	San Marino	San Marino	Сан Марино	Saint-Marin	San Marino	San Marino
stp	São Tomé ja Príncipe	Sao Tome and Principe	Сан-Томе и Принсипи	São Tomé e Príncipe	Santo Tomé y Príncipe	São Tomé e Príncipe	圣多美和普林西比	São Tomé und Príncipe	サントメ・プリンシペ	Сан-Томе і Прінсіпі	ساو تومي وبرينسيبي	Sao Tome dan Principe	Sao Tome ve Principe	Сао Томе и Принципе	Sao Tomé-et-Principe	São Tomé ja Príncipe	São Tomé e Príncipe
sau	Saudi Araabia	Saudi Arabia	Саудовская Аравия	Arabia Saudita	Arabia Saudita	Arábia Saudita	沙特阿拉伯	Saudi-Arabien	サウジアラビア	Саудівська Аравія	المملكة العربية السعودية	Arab Saudi	Suudi Arabistan	Саудијска Арабија	Arabie saoudite	Saudi-Arabia	Arábia Saudita
syc	Seišellid	Seychelles	Сейшельские Острова	Seychelles	Seychelles	Seicheles	塞舌尔	Seychellen	セーシェル	Сейшельські Острови	سيشل	Seychelles	Seyşeller	Сејшели	Seychelles	Seychellit	Seicheles
sen	Senegal	Senegal	Сенегал	Senegal	Senegal	Senegal	塞内加尔	Senegal	セネガル	Сенегал	السنغال	Senegal	Senegal	Сенегал	Sénégal	Senegal	Senegal
srb	Serbia	Serbia	Сербия	Serbia	Serbia	Sérvia	塞尔维亚	Serbien	セルビア	Сербія	صربيا	Serbia	Sırbistan	Србија	Serbie	Serbia	Sérvia
sle	Sierra Leone	Sierra Leone	Сьерра-Леоне	Sierra Leone	Sierra Leona	Serra Leoa	塞拉利昂	Sierra Leone	シエラレオネ	Сьєрра-Леоне	سيراليون	Sierra Leone	Sierra Leone	Сијера Леоне	Sierra Leone	Sierra Leone	Serra Leoa
sgp	Singapur	Singapore	Сингапур	Singapore	Singapur	Singapura	新加坡	Singapur	シンガポール	Сінгапур	سنغافورة	Singapura	Singapur	Сингапур	Singapour	Singapore	Singapura
svk	Slovakkia	Slovakia	Словакия	Slovacchia	Eslovaquia	Eslováquia	斯洛伐克	Slowakei	スロバキア	Словаччина	سلوفاكيا	Slovakia	Slovakya	Словачка	Slovaquie	Slovakia	Eslováquia
svn	Sloveenia	Slovenia	Словения	Slovenia	Eslovenia	Eslovênia	斯洛文尼亚	Slowenien	スロベニア	Словенія	سلوفينيا	Slovenia	Slovenya	Словенија	Slovénie	Slovenia	Eslovênia
som	Somaalia	Somalia	Сомали	Somalia	Somalia	Somália	索马里	Somalia	ソマリア	Сомалі	الصومال	Somalia	Somali	Сомалија	Somalie	Somalia	Somália
fin	Soome	Finland	Финляндия	Finlandia	Finlandia	Finlândia	芬兰	Finnland	フィンランド	Фінляндія	فنلندا	Finlandia	Finlandiya	Финска	Finlande	Suomi	Finlândia
lka	Sri Lanka	Sri Lanka	Шри-Ланка	Sri Lanka	Sri Lanka	Seri Lanca	斯里兰卡	Sri Lanka	スリランカ	Шрі-Ланка	سريلانكا	Sri Lanka	Sri Lanka	Шри Ланка	Sri Lanka	Sri Lanka	Sri Lanka
sdn	Sudaan	Sudan	Судан	Sudan	Sudán	Sudão	苏丹	Sudan	スーダン	Судан	السودان	Sudan	Sudan	Судан	Soudan	Sudan	Sudão
sur	Suriname	Suriname	Суринам	Suriname	Surinam	Suriname	苏里南	Suriname	スリナム	Сурінам	سورينام	Suriname	Surinam	Суринам	Suriname	Suriname	Suriname
gbr	Suurbritannia	United Kingdom of Great Britain and Northern Ireland	Великобритания	Regno Unito	Reino Unido	Reino Unido	英国	Vereinigtes Königreich Großbritannien und Nordirland	イギリス	Велика Британія	المملكة المتحدة	Inggris Raya	Birleşik Krallık	Уједињено Краљевство	Royaume-Uni	Iso-Britannia	Reino Unido
swz	Svaasimaa	Eswatini	Эсватини	eSwatini	Suazilandia	Essuatíni	斯威士兰	Eswatini	エスワティニ	Есватіні	إسواتيني	eSwatini	Esvatini	Свазиленд	Eswatini	Swazimaa	Essuatíni
syr	Süüria	Syrian Arab Republic	Сирия	Siria	Siria	Síria	叙利亚	Arabische Republik Syrien	シリア	Сирія	سوريا	Suriah	Suriye	Сирија	Syrie	Syyria	Síria
che	Šveits	Switzerland	Швейцария	Svizzera	Suiza	Suíça	瑞士	Schweiz	スイス	Швейцарія	سويسرا	Swiss	İsviçre	Швајцарска	Suisse	Sveitsi	Suíça
zwe	Zimbabwe	Zimbabwe	Зимбабве	Zimbabwe	Zimbabue	Zimbábue	津巴布韦	Zimbabwe	ジンバブエ	Зімбабве	زيمبابوي	Zimbabwe	Zimbabve	Зимбабве	Zimbabwe	Zimbabwe	Zimbábue
dnk	Taani	Denmark	Дания	Danimarca	Dinamarca	Dinamarca	丹麦	Dänemark	デンマーク	Данія	الدانمرك	Denmark	Danimarka	Данска	Danemark	Tanska	Dinamarca
tjk	Tadžikistan	Tajikistan	Таджикистан	Tagikistan	Tayikistán	Tajiquistão	塔吉克斯坦	Tadschikistan	タジキスタン	Таджикистан	طاجيكستان	Tajikistan	Tacikistan	Таџикистан	Tadjikistan	Tadžikistan	Tadjiquistão
tha	Tai	Thailand	Таиланд	Thailandia	Tailandia	Tailândia	泰国	Thailand	タイ	Таїланд	تايلاند	Thailand	Tayland	Тајланд	Thaïlande	Thaimaa	Tailândia
tza	Tansaania	Tanzania, United Republic of	Танзания	Tanzania	Tanzania	Tanzânia	坦桑尼亚	Tansania, Vereinigte Republik	タンザニア	Танзанія	تنزانيا	Tanzania	Tanzanya	Танзанија	Tanzanie	Tansania	Tanzânia
tgo	Togo	Togo	Того	Togo	Togo	Togo	多哥	Togo	トーゴ	Того	توغو	Togo	Togo	Того	Togo	Togo	Togo
ton	Tonga	Tonga	Тонга	Tonga	Tonga	Tonga	汤加	Tonga	トンガ	Тонґа	تونغا	Tonga	Tonga	Тонга	Tonga	Tonga	Tonga
tto	Trinidad ja Tobago	Trinidad and Tobago	Тринидад и Тобаго	Trinidad e Tobago	Trinidad y Tobago	Trinidad e Tobago	特立尼达和多巴哥	Trinidad und Tobago	トリニダード・トバゴ	Трінідад і Тобаґо	ترينيداد وتوباغو	Trinidad dan Tobago	Trinidad ve Tobago	Тринидад и Тобаго	Trinité-et-Tobago	Trinidad ja Tobago	Trinidad e Tobago
tcd	Tšaad	Chad	Чад	Ciad	Chad	Chade	乍得	Tschad	チャド	Чад	تشاد	Cad	Çad	Чад	Tchad	Tšad	Chade
cze	Tšehhi	Czechia	Чехия	Rep. Ceca	República Checa	Chéquia	捷克	Tschechien	チェコ	Чехія	التشيك	Ceko	Çekya	Чешка	Tchéquie	Tšekki	Tchéquia
chl	Tšiili	Chile	Чили	Cile	Chile	Chile	智利	Chile	チリ	Чілі	تشيلي	Cile	Şili	Чиле	Chili	Chile	Chile
tun	Tuneesia	Tunisia	Тунис	Tunisia	Túnez	Tunísia	突尼斯	Tunesien	チュニジア	Туніс	تونس	Tunisia	Tunus	Тунис	Tunisie	Tunisia	Tunísia
tur	Türgi	Türkiye	Турция	Turchia	Turquía	Turquia	土耳其	T√ºrkiye	トルコ	Туреччина	تركيا	Turki	Türkiye	Турска	Turquie	Turkki	Turquia
tkm	Türkmenistan	Turkmenistan	Туркменистан	Turkmenistan	Turkmenistán	Turcomenistão	土库曼斯坦	Turkmenistan	トルクメニスタン	Туркменістан	تركمانستان	Turkimenistan	Türkmenistan	Туркменистан	Turkménistan	Turkmenistan	Turcomenistão
tuv	Tuvalu	Tuvalu	Тувалу	Tuvalu	Tuvalu	Tuvalu	图瓦卢	Tuvalu	ツバル	Тувалу	توفالو	Tuvalu	Tuvalu	Тувалу	Tuvalu	Tuvalu	Tuvalu
uga	Uganda	Uganda	Уганда	Uganda	Uganda	Uganda	乌干达	Uganda	ウガンダ	Уганда	أوغندا	Uganda	Uganda	Уганда	Ouganda	Uganda	Uganda
ukr	Ukraina	Ukraine	Украина	Ucraina	Ucrania	Ucrânia	乌克兰	Ukraine	ウクライナ	Україна	أوكرانيا	Ukraina	Ukrayna	Украјина	Ukraine	Ukraina	Ucrânia
hun	Ungari	Hungary	Венгрия	Ungheria	Hungría	Hungria	匈牙利	Ungarn	ハンガリー	Угорщина	هنغاريا	Hungaria	Macaristan	Мађарска	Hongrie	Unkari	Hungria
ury	Uruguay	Uruguay	Уругвай	Uruguay	Uruguay	Uruguai	乌拉圭	Uruguay	ウルグアイ	Уруґвай	أورغواي	Uruguay	Uruguay	Уругвај	Uruguay	Uruguay	Uruguai
uzb	Usbekistan	Uzbekistan	Узбекистан	Uzbekistan	Uzbekistán	Uzbequistão	乌兹别克斯坦	Usbekistan	ウズベキスタン	Узбекистан	أوزبكستان	Uzbekistan	Özbekistan	Узбекистан	Ouzbékistan	Uzbekistan	Uzbequistão
nzl	Uus-Meremaa	New Zealand	Новая Зеландия	Nuova Zelanda	Nueva Zelanda	Nova Zelândia	新西兰	Neuseeland	ニュージーランド	Нова Зеландія	نيوزيلندا	Selandia Baru	Yeni Zelanda	Нови Зеланд	Nouvelle-Zélande	Uusi-Seelanti	Nova Zelândia
blr	Valgevene	Belarus	Беларусь	Bielorussia	Bielorrusia	Bielorrússia	白俄罗斯	Belarus	ベラルーシ	Білорусь	بيلاروس	Belarus	Belarus	Белорусија	Biélorussie	Valko-Venäjä	Bielorrússia
vut	Vanuatu	Vanuatu	Вануату	Vanuatu	Vanuatu	Vanuatu	瓦努阿图	Vanuatu	バヌアツ	Вануату	فانواتو	Vanuatu	Vanuatu	Вануату	Vanuatu	Vanuatu	Vanuatu
rus	Venemaa	Russian Federation	Россия	Russia	Rusia	Rússia	俄罗斯	Russische Föderation	ロシア	Росія	روسيا	Rusia	Rusya	Русија	Russie	Venäjä	Rússia
ven	Venezuela	Venezuela, Bolivarian Republic of	Венесуэла	Venezuela	Venezuela	Venezuela	委内瑞拉	Venezuela, Bolivarische Republik	ベネズエラ	Венесуела	فنزويلا	Venezuela	Venezuela	Венецуела	Venezuela	Venezuela	Venezuela
vnm	Vietnam	Viet Nam	Вьетнам	Vietnam	Vietnam	Vietname	越南	Vietnam	ベトナム	Вʼєтнам	فيتنام	Vietnam	Vietnam	Вијетнам	Vietnam	Vietnam	Vietnã
